id,nombre,apellido,sueldo
2,Lissy,Cornehl,18
3,Kaylil,Govini,8314
4,Jasmina,Oguz,9749
5,Lothaire,Bransden,1536
6,Mae,Tomasian,597
7,Dalia,Denyagin,6296
8,Tessy,Bearham,8436
9,Laurene,Meatcher,293
10,Ariela,Rubie,3073
11,Whitney,Mackro,8315
12,Jojo,Patchett,8503
13,Wenonah,MacAne,6208
14,Clemmie,Kershow,6140
15,Steffi,Handrahan,4305
16,Ody,Bouch,8510
17,Carolyne,Vasic,3868
18,Trixy,Verrier,9003
19,Enid,Bernardt,3342
20,Tommi,Arunowicz,8082
21,Gian,Egleton,4838
22,Melva,Bazire,5
23,Rhetta,Weippert,5700
24,Milicent,Jackalin,5147
25,Ethyl,Woolcocks,7932
26,Kerrie,Cosgrove,2988
27,Waldon,Fussie,8396
28,Joana,Klimontovich,2162
29,Chester,Birrel,815
30,Felipa,Hughlin,5233
31,Roxane,Rainon,3728
32,Meghan,Terrey,6079
33,Trixi,Gives,5048
34,Marleah,Chetham,3226
35,Adah,Naile,5837
36,Cherey,Joscelin,6608
37,Allis,Josifovic,6940
38,Eleonore,Dancer,9424
39,Ninetta,Eginton,7199
40,Blayne,Harriot,2594
41,Willi,Deaconson,6144
42,Serene,Ferrettino,9424
43,Ravid,Stowe,4757
44,Arlie,Fettes,6068
45,Nikolos,Rawle,2144
46,Dukie,Boame,9534
47,Rosanna,Gaiter,5475
48,Connie,Stalman,3424
49,Kameko,Jahan,4910
50,Jaquith,Scarasbrick,1225
51,hola,Jorge,25000
